Date,Open,High,Low,Close,Volume
2016-06-21,542.28,553.33,537.67,552.41,82438
2016-06-22,548.73,548.73,536.75,545.05,98189
2016-06-23,547.78,547.78,539.53,545.05,78853
2016-06-24,548.73,551.48,514.66,523.87,160644
2016-06-27,542.28,544.12,534.0,544.12,98621
2016-06-28,534.0,543.2,529.4,535.84,76032
2016-06-29,534.91,535.84,524.78,533.06,76139
2016-06-30,533.06,535.84,527.55,527.55,68753
2016-07-01,531.24,536.75,527.55,535.84,53440
2016-07-04,531.24,536.75,530.33,534.0,30521
2016-07-05,527.55,540.43,527.55,539.53,56045
2016-07-06,526.62,547.78,514.66,545.05,129468
2016-07-07,542.28,545.05,534.91,540.43,54416
2016-07-08,541.35,541.35,524.78,527.55,75813
2016-07-11,547.78,567.13,545.96,548.73,220707
2016-07-12,550.57,561.6,548.73,552.41,109486
2016-07-13,556.08,556.08,548.73,551.48,82656
2016-07-14,552.41,570.83,550.57,567.13,149238
2016-07-15,566.23,580.95,565.3,572.67,101231
2016-07-19,575.41,605.81,573.57,603.95,216256
2016-07-20,594.74,616.87,588.3,612.25,204740
2016-07-21,620.53,621.47,603.95,608.57,144783
2016-07-22,601.2,607.63,601.2,605.81,72447
2016-07-25,608.57,612.25,603.95,605.81,105683
2016-07-26,605.81,606.73,600.27,604.89,133164
2016-07-27,600.27,608.57,587.4,606.73,188774
2016-07-28,604.89,604.89,594.74,597.53,59739
2016-07-29,597.53,611.34,590.15,611.34,83961
2016-08-01,556.08,571.75,554.25,562.53,249489
2016-08-02,580.02,613.18,570.83,610.42,315528
2016-08-03,602.13,602.13,585.56,586.46,114262
2016-08-04,587.4,588.3,575.41,580.95,79505
2016-08-05,586.46,586.46,572.67,576.34,75813
2016-08-08,582.8,597.53,580.02,596.59,72556
2016-08-09,596.59,638.03,592.91,635.27,165095
2016-08-10,639.86,647.23,615.93,616.87,136529
2016-08-12,622.38,635.27,618.7,629.76,71143
2016-08-15,626.07,637.11,616.87,636.2,100252
2016-08-16,636.2,636.2,599.36,601.2,106334
2016-08-17,598.44,606.73,589.25,594.74,80049
2016-08-18,586.46,593.85,580.95,580.95,77227
2016-08-19,580.02,580.95,565.3,567.13,100904
2016-08-22,568.06,581.88,565.3,570.83,52787
2016-08-23,568.98,580.95,568.98,571.75,54306
2016-08-24,579.12,583.71,573.57,580.02,30303
2016-08-25,580.02,582.8,573.57,579.12,47682
2016-08-26,575.41,576.34,565.3,566.23,75487
2016-08-29,570.83,589.25,564.38,583.71,124257
2016-08-30,580.02,586.46,575.41,576.34,51485
2016-08-31,580.02,585.56,575.41,585.56,34539
2016-09-01,585.56,592.01,572.67,575.41,64626
2016-09-02,572.67,575.41,567.13,568.98,63866
2016-09-05,575.41,577.27,569.91,571.75,40406
2016-09-06,574.51,586.46,569.91,585.56,113612
2016-09-07,580.95,589.25,577.27,588.3,44099
2016-09-08,589.25,590.15,582.8,586.46,50833
2016-09-09,589.25,589.25,582.8,584.63,64517
2016-09-12,580.02,581.88,571.75,578.19,44749
2016-09-13,580.02,580.02,571.75,571.75,43880
2016-09-14,569.91,570.83,552.41,555.17,89281
2016-09-15,555.17,560.67,543.2,547.78,60283
2016-09-16,549.63,572.67,549.63,572.67,87436
2016-09-20,575.41,580.95,562.53,565.3,123062
2016-09-21,562.53,580.95,562.53,580.95,63866
2016-09-23,580.95,581.88,577.27,580.95,93626
2016-09-26,580.95,581.88,568.98,570.83,114697
2016-09-27,565.3,586.46,560.67,586.46,196377
2016-09-28,577.39,588.56,574.62,587.62,64638
2016-09-29,587.62,604.37,587.62,603.46,62701
2016-09-30,587.62,589.49,578.35,579.27,110452
2016-10-03,586.7,604.37,586.7,597.86,71198
2016-10-04,604.37,612.73,600.66,610.88,60982
2016-10-05,617.37,627.63,611.82,617.37,116905
2016-10-06,620.19,625.76,613.69,620.19,85501
2016-10-07,615.53,621.1,604.37,612.73,72488
2016-10-11,612.73,614.6,605.31,614.6,51948
2016-10-12,609.02,615.53,605.31,609.95,46032
2016-10-13,615.53,615.53,606.21,609.95,42160
2016-10-14,609.02,613.69,607.17,610.88,39794
2016-10-17,609.95,617.37,609.95,614.6,23769
2016-10-18,613.69,621.1,610.88,621.1,26242
2016-10-19,620.19,625.76,620.19,624.84,33018
2016-10-20,624.84,632.26,622.95,632.26,46354
2016-10-21,632.26,632.26,625.76,627.63,43880
2016-10-24,625.76,631.33,624.84,630.39,46032
2016-10-25,630.39,646.22,629.47,643.41,151107
2016-10-26,640.63,643.41,633.21,637.85,67864
2016-10-27,643.41,651.79,641.56,649.94,90342
2016-10-28,649.01,662.94,646.22,662.94,115939
2016-10-31,662.94,662.94,641.56,651.79,91848
2016-11-01,613.69,626.69,605.31,624.84,139278
2016-11-02,622.95,622.95,597.86,603.46,179179
2016-11-04,603.46,603.46,587.62,595.07,94643
2016-11-07,604.37,607.17,598.8,605.31,44417
2016-11-08,606.21,611.82,604.37,608.1,41515
2016-11-09,611.82,613.69,581.12,581.12,102496
2016-11-10,613.69,616.47,603.46,609.02,78512
2016-11-11,614.6,616.47,593.22,599.73,110883
2016-11-14,601.58,612.73,596.0,610.88,75821
2016-11-15,608.1,610.88,590.44,592.29,77435
2016-11-16,601.58,602.5,592.29,598.8,68188
2016-11-17,598.8,602.5,592.29,599.73,41191
2016-11-18,604.37,604.37,596.93,597.86,122932
2016-11-21,603.46,611.82,603.46,610.88,37535
2016-11-22,609.95,612.73,597.86,608.1,70014
2016-11-24,613.69,613.69,603.46,605.31,46679
2016-11-25,601.58,603.46,585.76,595.07,143578
2016-11-28,595.07,597.86,589.49,597.86,70123
2016-11-29,595.07,599.73,594.14,599.73,57001
2016-11-30,599.73,599.73,588.56,595.07,76145
2016-12-01,601.58,601.58,586.7,588.56,191976
2016-12-02,596.93,596.93,585.76,587.62,135190
2016-12-05,585.76,589.49,582.06,585.76,92387
2016-12-06,592.29,594.14,589.49,592.29,87329
2016-12-07,591.35,595.07,589.49,593.22,161647
2016-12-08,596.0,596.93,584.83,595.07,156269
2016-12-09,585.76,592.29,556.94,571.81,494836
2016-12-12,576.48,584.83,571.81,584.83,120025
2016-12-13,587.62,590.44,582.06,590.44,232845
2016-12-14,594.14,596.0,587.62,591.35,124221
2016-12-15,594.14,612.73,593.22,611.82,176276
2016-12-16,612.73,634.12,612.73,632.26,189287
2016-12-19,646.22,647.13,631.33,635.05,93892
2016-12-20,635.99,641.56,632.26,636.91,77866
2016-12-21,639.72,654.56,637.85,653.66,199183
2016-12-22,654.56,668.54,639.72,667.58,217034
2016-12-26,673.17,674.11,653.66,663.88,191654
2016-12-27,661.08,662.94,655.52,662.94,93569
2016-12-28,662.94,677.82,658.29,675.96,145514
2016-12-29,674.11,679.69,667.58,672.24,125296
2016-12-30,669.46,669.46,662.03,669.46,63777
2017-01-04,677.82,743.85,677.82,723.38,386320
2017-01-05,737.33,752.22,725.25,745.71,284148
2017-01-06,741.98,752.22,736.4,751.29,175200
2017-01-10,747.56,757.78,740.13,747.56,180683
2017-01-11,743.85,748.48,739.21,742.91,162832
2017-01-12,744.76,744.76,719.67,721.52,281135
2017-01-13,714.11,732.68,714.11,728.03,94000
2017-01-16,722.45,728.96,718.74,721.52,98838
2017-01-17,717.82,720.6,708.5,708.5,78188
2017-01-18,697.37,705.73,687.11,702.93,136912
2017-01-19,709.43,714.11,688.05,700.13,174660
2017-01-20,691.77,699.22,684.33,693.64,98945
2017-01-23,686.19,688.05,675.96,684.33,78082
2017-01-24,687.11,696.42,678.75,683.41,114111
2017-01-25,702.0,703.87,686.19,688.05,93892
2017-01-26,693.64,697.37,686.19,690.84,154980
2017-01-27,704.79,722.45,699.22,715.95,242631
2017-01-30,728.03,736.4,716.86,719.67,204992
2017-01-31,714.11,729.89,711.3,720.6,129921
2017-02-01,739.21,784.77,739.21,772.66,437190
2017-02-02,771.74,771.74,740.13,741.98,222520
2017-02-03,735.48,741.05,726.17,738.26,185093
2017-02-06,743.85,765.23,741.05,762.44,190149
2017-02-07,757.78,799.62,757.78,787.55,445792
2017-02-08,781.04,782.9,765.23,777.32,218434
2017-02-09,775.46,776.39,761.5,771.74,173262
2017-02-10,771.74,774.52,759.65,768.01,196386
2017-02-13,773.59,778.24,765.23,772.66,181330
2017-02-14,774.52,799.62,774.52,781.04,194343
2017-02-15,782.9,796.85,778.24,795.92,125726
2017-02-16,799.62,799.62,782.9,786.61,79158
2017-02-17,778.24,785.68,768.94,781.04,79695
2017-02-20,779.16,792.18,774.52,789.41,51408
2017-02-21,792.18,792.18,778.24,779.16,125833
2017-02-22,788.47,814.5,788.47,814.5,249300
2017-02-23,814.5,814.5,794.99,808.93,111422
2017-02-24,805.21,806.14,794.99,799.62,123144
2017-02-27,796.85,799.62,787.55,794.04,107874
2017-02-28,795.92,808.0,786.61,787.55,121962
2017-03-01,785.68,787.55,777.32,779.16,194987
2017-03-02,796.85,796.85,782.9,786.61,171327
2017-03-03,785.68,790.32,778.24,783.82,83889
2017-03-06,781.04,784.77,772.66,781.04,113678
2017-03-07,781.95,790.32,772.66,787.55,118626
2017-03-08,781.95,785.68,768.94,776.39,132500
2017-03-09,781.04,784.77,777.32,779.16,86471
2017-03-10,781.04,788.47,778.24,782.9,181757
2017-03-13,781.95,799.62,778.24,779.16,131427
2017-03-14,779.16,780.1,766.16,775.46,153043
2017-03-15,771.74,777.32,768.94,774.52,53453
2017-03-16,768.94,782.9,767.08,780.1,140997
2017-03-17,780.1,797.78,780.1,793.12,168423
2017-03-21,798.7,801.49,787.55,793.12,171649
2017-03-22,785.68,794.99,781.04,784.77,151967
2017-03-23,814.5,815.44,783.82,790.32,285976
2017-03-24,788.47,801.49,781.95,784.77,233490
2017-03-27,791.27,798.7,785.68,790.32,207787
2017-03-28,790.32,804.29,790.32,794.99,326414
2017-03-29,798.95,801.77,790.52,797.09,149043
2017-03-30,793.35,804.57,775.55,778.34,152458
2017-03-31,780.23,795.21,779.28,780.23,225909
2017-04-03,798.95,830.78,796.16,814.88,313246
2017-04-04,815.82,815.82,788.66,797.09,130786
2017-04-05,803.65,808.32,790.52,793.35,147440
2017-04-06,790.52,792.4,778.34,783.05,152565
2017-04-07,784.91,796.16,783.05,787.72,216623
2017-04-10,828.93,840.19,816.75,830.78,767738
2017-04-11,838.31,876.7,832.67,872.94,602253
2017-04-12,870.16,870.16,852.35,859.85,270326
2017-04-13,848.61,861.71,841.1,850.48,243209
2017-04-14,849.54,873.89,849.54,861.71,268296
2017-04-17,870.16,894.49,869.21,883.26,356483
2017-04-18,894.49,900.13,880.46,889.81,326484
2017-04-19,890.77,942.27,887.94,926.34,770514
2017-04-20,936.64,945.09,923.53,923.53,540012
2017-04-21,913.25,936.64,901.06,922.62,320718
2017-04-24,934.79,958.18,917.92,947.87,466876
2017-04-25,939.46,959.14,936.64,955.39,288262
2017-04-26,961.0,969.44,946.02,963.82,338333
2017-04-27,956.32,957.25,925.4,948.84,897563
2017-04-28,937.58,961.93,928.22,957.25,344313
2017-05-01,939.46,963.82,939.46,954.45,128756
2017-05-02,959.14,971.31,953.51,960.07,208937
2017-05-08,979.73,1016.27,976.93,1007.84,423210
2017-05-09,993.79,1019.08,980.67,1005.96,316875
2017-05-10,1011.58,1039.69,1005.96,1022.83,381467
2017-05-11,1025.63,1029.38,1012.52,1024.69,291997
2017-05-12,1080.9,1148.33,1067.77,1135.22,1381950
2017-05-15,1101.49,1133.35,1092.13,1112.74,585384
2017-05-16,1109.92,1111.81,1086.51,1102.45,349970
2017-05-17,1100.57,1152.07,1089.32,1145.52,680831
2017-05-18,1135.22,1155.83,1126.79,1131.47,499547
2017-05-19,1149.27,1153.01,1129.6,1136.16,278973
2017-05-22,1142.71,1164.26,1137.08,1159.57,355097
2017-05-23,1160.51,1195.16,1160.51,1176.43,400364
2017-05-24,1176.43,1194.22,1163.31,1180.18,304704
2017-05-25,1180.18,1187.66,1168.0,1170.8,321252
2017-05-26,1179.24,1179.24,1148.33,1150.2,220787
2017-05-29,1130.52,1163.31,1125.85,1152.07,182245
2017-05-30,1146.46,1161.43,1102.45,1123.05,561790
2017-05-31,1153.01,1236.37,1151.14,1223.26,1059736
2017-06-01,1221.38,1242.93,1203.6,1222.33,444137
2017-06-02,1230.76,1240.12,1213.9,1225.12,457696
2017-06-05,1222.33,1259.78,1222.33,1253.23,294561
2017-06-06,1237.31,1242.93,1199.85,1214.83,459724
2017-06-07,1197.98,1221.38,1189.55,1205.47,245450
2017-06-08,1212.95,1223.26,1196.1,1196.1,301820
2017-06-09,1196.1,1222.33,1187.66,1217.64,393425
2017-06-12,1209.21,1210.16,1176.43,1189.55,251428
2017-06-13,1201.73,1226.07,1198.9,1217.64,425347
2017-06-14,1216.71,1220.46,1194.22,1196.1,221961
2017-06-15,1198.9,1220.46,1197.04,1215.77,373138
2017-06-16,1233.56,1256.04,1220.46,1236.37,752257
2017-06-19,1241.06,1275.7,1233.56,1261.66,486201
2017-06-20,1262.6,1269.17,1244.81,1254.18,338442
2017-06-21,1246.67,1256.98,1231.7,1237.31,247265
2017-06-22,1237.31,1247.61,1230.76,1234.5,183098
2017-06-23,1237.31,1253.23,1232.63,1237.31,373247
2017-06-26,1236.37,1281.33,1234.5,1269.17,623606
2017-06-27,1268.21,1269.17,1215.77,1215.77,459083
2017-06-28,1218.58,1222.33,1196.1,1201.73,415736
2017-06-29,1209.21,1221.38,1207.34,1218.58,346021
2017-06-30,1205.47,1259.78,1177.38,1256.98,730155
2017-07-03,1245.73,1265.42,1242.93,1250.43,268189
2017-07-04,1262.6,1286.95,1256.04,1273.85,432393
2017-07-05,1265.42,1275.7,1250.43,1260.74,300006
2017-07-06,1251.35,1253.23,1238.25,1243.87,315488
2017-07-07,1227.96,1241.06,1224.2,1232.63,230822
2017-07-10,1232.63,1241.06,1222.33,1222.33,400684
2017-07-11,1214.83,1239.19,1214.83,1237.31,158223
2017-07-12,1224.2,1237.31,1212.02,1212.95,269899
2017-07-13,1215.77,1220.46,1204.51,1208.27,154806
2017-07-14,1208.27,1210.16,1197.04,1200.78,189293
2017-07-18,1180.18,1214.83,1180.18,1204.51,335346
2017-07-19,1206.4,1225.12,1202.65,1205.47,234024
2017-07-20,1200.78,1221.38,1191.42,1197.04,226980
2017-07-21,1197.04,1204.51,1194.22,1200.78,120857
2017-07-24,1191.42,1214.83,1190.48,1212.02,128864
2017-07-25,1212.02,1212.02,1196.1,1200.78,88616
2017-07-26,1197.04,1199.85,1188.61,1193.29,149896
2017-07-27,1188.61,1207.34,1188.61,1197.04,189719
2017-07-28,1201.73,1228.87,1201.73,1215.77,263494
2017-07-31,1214.83,1220.46,1185.8,1188.61,207334
2017-08-01,1178.3,1179.24,1086.51,1090.26,793361
2017-08-02,1096.82,1147.39,1096.82,1138.04,488337
2017-08-03,1133.35,1146.46,1114.61,1121.17,277372
2017-08-04,1120.23,1132.4,1112.74,1115.55,278119
2017-08-07,1123.05,1138.04,1114.61,1124.93,275664
2017-08-08,1126.79,1126.79,1106.17,1109.0,224951
2017-08-09,1104.31,1107.12,1094.0,1095.88,250361
2017-08-10,1093.07,1106.17,1074.34,1084.64,288369
2017-08-14,1066.84,1070.6,1045.3,1065.9,476166
2017-08-15,1072.47,1089.32,1070.6,1083.7,218973
2017-08-16,1069.66,1085.57,1068.7,1073.39,159505
2017-08-17,1081.83,1101.49,1080.9,1093.07,208404
2017-08-18,1086.51,1086.51,1070.6,1073.39,116479
2017-08-21,1070.6,1070.6,1050.91,1061.23,157263
2017-08-22,1065.9,1072.47,1061.23,1062.16,122350
2017-08-23,1077.13,1081.83,1059.35,1062.16,204558
2017-08-24,1062.16,1067.77,1060.3,1064.98,124915
2017-08-25,1068.7,1082.78,1061.23,1077.13,138045
2017-08-28,1079.01,1092.13,1056.54,1062.16,200075
2017-08-29,1054.66,1062.16,1023.76,1033.12,613678
2017-08-30,1041.55,1068.7,1025.63,1067.77,332889
2017-08-31,1067.77,1071.53,1045.3,1056.54,227726
2017-09-01,1056.54,1096.82,1020.02,1050.0,727274
2017-09-04,1051.87,1053.74,1012.52,1014.4,227726
2017-09-05,1015.31,1017.2,983.48,983.48,235520
2017-09-06,968.48,1000.33,961.93,989.09,339721
2017-09-07,995.67,1008.77,990.96,1002.22,313138
2017-09-08,1008.77,1012.52,975.06,980.67,335346
2017-09-11,990.96,996.6,967.56,968.48,252709
2017-09-12,979.73,995.67,963.82,990.96,291464
2017-09-13,990.04,1001.29,978.79,987.23,272781
2017-09-14,990.04,1002.22,981.61,983.48,207442
2017-09-15,976.93,977.87,946.02,960.07,471041
2017-09-19,1044.36,1063.09,1034.99,1050.0,719693
2017-09-20,1048.12,1053.74,1029.38,1034.06,376343
2017-09-21,1037.81,1037.81,990.04,1007.84,630653
2017-09-22,1007.84,1043.42,1007.84,1043.42,447554
2017-09-25,1074.34,1112.74,1067.77,1081.83,947955
2017-09-26,1084.64,1093.07,1073.39,1091.21,666312
2017-09-27,1090.49,1090.49,1071.67,1083.9,396729
2017-09-28,1084.82,1088.61,1071.67,1084.82,218434
2017-09-29,1080.13,1118.75,1076.38,1116.86,282256
2017-10-02,1129.1,1132.87,1090.49,1116.86,484867
2017-10-03,1117.8,1123.45,1087.68,1093.31,538281
2017-10-04,1082.96,1098.02,1080.13,1093.31,361261
2017-10-05,1096.14,1131.92,1091.44,1126.28,381332
2017-10-06,1125.33,1126.28,1111.2,1122.5,243920
2017-10-10,1116.86,1132.87,1101.78,1132.87,421897
2017-10-11,1133.79,1140.41,1125.33,1131.0,202717
2017-10-12,1131.92,1146.06,1122.5,1138.52,237549
2017-10-13,1136.64,1150.76,1131.0,1148.88,191037
2017-10-16,1154.52,1176.17,1147.93,1169.59,307317
2017-10-17,1219.5,1238.34,1198.78,1227.99,968354
2017-10-18,1224.21,1224.21,1170.54,1175.25,391419
2017-10-19,1194.07,1212.9,1179.02,1182.76,311246
2017-10-20,1173.36,1194.07,1163.94,1179.02,271424
2017-10-23,1201.61,1216.68,1194.07,1214.79,295636
2017-10-24,1214.79,1231.74,1207.26,1229.86,267707
2017-10-25,1227.99,1231.74,1212.9,1228.91,296060
2017-10-26,1219.5,1227.99,1213.85,1224.21,221090
2017-10-27,1224.21,1234.57,1221.38,1227.04,250611
2017-10-30,1224.21,1229.86,1204.42,1218.56,871827
2017-10-31,1205.39,1217.61,1199.73,1209.15,491238
2017-11-01,1192.19,1206.32,1134.75,1188.42,731762
2017-11-02,1184.66,1199.73,1164.88,1195.97,373474
2017-11-06,1195.97,1195.97,1165.82,1171.48,485611
2017-11-07,1166.77,1180.9,1153.58,1180.9,262611
2017-11-08,1171.48,1172.41,1157.37,1157.37,179357
2017-11-09,1162.06,1175.25,1154.52,1170.54,366466
2017-11-10,1153.58,1173.36,1153.58,1172.41,147816
2017-11-13,1168.66,1179.02,1160.17,1175.25,335139
2017-11-14,1170.54,1179.02,1153.58,1174.3,291281
2017-11-15,1159.24,1164.88,1119.69,1121.57,239248
2017-11-16,1093.31,1127.21,1085.78,1115.91,574174
2017-11-17,1130.04,1133.79,1108.39,1128.16,393438
2017-11-20,1131.0,1150.76,1114.98,1146.06,249549
2017-11-21,1139.46,1163.01,1133.79,1145.1,219920
2017-11-22,1145.1,1151.69,1132.87,1133.79,164702
2017-11-24,1130.04,1149.82,1120.63,1146.99,192311
2017-11-27,1149.82,1149.82,1129.1,1131.0,148986
2017-11-28,1125.33,1137.57,1116.86,1132.87,159073
2017-11-29,1137.57,1152.65,1127.21,1152.65,163533
2017-11-30,1158.29,1159.24,1133.79,1155.47,180207
2017-12-01,1153.58,1179.95,1150.76,1177.12,189551
2017-12-04,1189.37,1194.07,1171.48,1171.48,144526
2017-12-05,1171.48,1179.02,1161.13,1177.12,116598
2017-12-06,1169.59,1187.48,1146.06,1146.06,119359
2017-12-07,1146.99,1186.54,1143.22,1172.41,290326
2017-12-08,1185.6,1214.79,1184.66,1214.79,294255
2017-12-11,1213.85,1246.81,1210.09,1243.99,378252
2017-12-12,1257.17,1279.77,1248.71,1274.1,434852
2017-12-13,1290.14,1292.01,1273.18,1280.71,321866
2017-12-14,1276.0,1276.96,1253.39,1265.66,249336
2017-12-15,1263.76,1276.96,1246.81,1252.46,254221
2017-12-18,1265.66,1286.36,1245.87,1282.59,246151
2017-12-19,1282.59,1282.59,1262.81,1262.81,111181
2017-12-20,1271.29,1279.77,1255.28,1273.18,101305
2017-12-21,1269.4,1279.77,1256.22,1273.18,164914
2017-12-22,1271.29,1280.71,1263.76,1277.88,134120
2017-12-25,1280.71,1282.59,1269.4,1279.77,97908
2017-12-26,1279.77,1308.01,1275.07,1300.49,187851
2017-12-27,1305.2,1343.8,1305.2,1328.74,211319
2017-12-28,1333.45,1340.98,1299.56,1303.31,144207
2017-12-29,1304.25,1312.73,1293.89,1307.08,83998
2018-01-04,1327.8,1336.27,1304.25,1329.68,285865
2018-01-05,1324.03,1344.75,1317.44,1324.97,177975
2018-01-09,1324.97,1330.63,1308.97,1329.68,132527
2018-01-10,1326.86,1329.68,1290.14,1295.77,325157
2018-01-11,1288.26,1296.71,1272.23,1278.84,219816
2018-01-12,1278.84,1283.54,1262.81,1266.59,340448
2018-01-15,1260.94,1276.96,1248.71,1273.18,266858
2018-01-16,1273.18,1293.89,1270.37,1287.3,91325
2018-01-17,1319.33,1323.08,1291.07,1297.67,358712
2018-01-18,1313.68,1313.68,1270.37,1270.37,211108
2018-01-19,1273.18,1294.84,1273.18,1287.3,120952
2018-01-22,1272.23,1277.88,1262.81,1276.0,164596
2018-01-23,1292.01,1306.14,1287.3,1304.25,148244
2018-01-24,1313.68,1337.22,1310.86,1316.49,210576
2018-01-25,1303.31,1303.31,1278.84,1286.36,161941
2018-01-26,1281.65,1294.84,1274.1,1276.0,126368
2018-01-29,1304.25,1323.08,1286.36,1289.19,231496
2018-01-30,1295.77,1301.44,1260.0,1268.47,172560
2018-01-31,1244.92,1278.84,1242.09,1262.81,322396
2018-02-01,1319.33,1445.51,1310.86,1363.58,718275
2018-02-02,1353.23,1395.6,1339.09,1344.75,256876
2018-02-05,1308.97,1314.61,1268.47,1274.1,273336
2018-02-06,1211.03,1211.03,1142.28,1165.82,364129
2018-02-07,1218.56,1225.14,1159.24,1159.24,237018
2018-02-08,1151.69,1173.36,1143.22,1155.47,242860
2018-02-09,1108.39,1135.69,1101.78,1130.04,263565
2018-02-13,1130.04,1144.17,1123.45,1129.1,498140
2018-02-14,1129.1,1149.82,1121.57,1136.64,301900
2018-02-15,1146.99,1146.99,1122.5,1130.04,194967
2018-02-16,1135.69,1146.06,1126.28,1136.64,280661
2018-02-19,1169.59,1229.86,1160.17,1203.49,981947
2018-02-20,1206.32,1227.04,1193.12,1210.09,396729
2018-02-21,1210.09,1224.21,1192.19,1204.42,233832
2018-02-22,1195.97,1197.85,1169.59,1178.06,169587
2018-02-23,1174.3,1187.48,1170.54,1185.6,93978
2018-02-26,1195.01,1196.9,1176.17,1191.25,189339
2018-02-27,1213.85,1213.85,1172.41,1174.3,156525
2018-02-28,1188.42,1235.51,1185.6,1221.38,499521
2018-03-01,1224.21,1246.81,1220.45,1234.57,441967
2018-03-02,1206.32,1221.38,1194.07,1203.49,314113
2018-03-05,1193.12,1213.85,1183.72,1190.31,217586
2018-03-06,1218.56,1237.39,1209.15,1233.62,210045
2018-03-07,1211.96,1241.17,1210.09,1226.09,146013
2018-03-08,1242.09,1250.59,1213.85,1220.45,193161
2018-03-09,1228.91,1228.91,1196.9,1203.49,180844
2018-03-12,1221.38,1221.38,1201.61,1208.2,126898
2018-03-13,1205.39,1226.09,1202.54,1226.09,162366
2018-03-14,1217.61,1223.27,1198.78,1202.54,167357
2018-03-15,1197.85,1224.21,1197.85,1222.33,170543
2018-03-16,1223.27,1225.14,1183.72,1194.07,201551
2018-03-19,1195.01,1199.73,1170.54,1178.06,144526
2018-03-20,1166.77,1182.76,1156.41,1180.9,124030
2018-03-22,1173.36,1195.01,1166.77,1178.06,178825
2018-03-23,1158.29,1165.82,1135.69,1138.52,220558
2018-03-26,1133.79,1146.99,1108.39,1139.46,344058
2018-03-27,1152.65,1175.25,1149.82,1173.36,254964
2018-03-28,1151.82,1167.91,1146.15,1163.19,129536
2018-03-29,1176.44,1183.06,1156.55,1171.7,143695
2018-03-30,1184.96,1201.99,1172.65,1193.47,148660
2018-04-02,1193.47,1198.2,1177.38,1177.38,100376
2018-04-03,1161.29,1196.31,1157.52,1189.68,160072
2018-04-04,1199.15,1207.67,1188.74,1203.88,133234
2018-04-05,1214.29,1220.92,1194.42,1203.88,132179
2018-04-06,1201.99,1237.96,1201.04,1229.44,205821
2018-04-09,1237.0,1248.36,1226.59,1245.52,193672
2018-04-10,1241.73,1243.63,1206.73,1209.55,186910
2018-04-11,1210.5,1210.5,1180.22,1187.79,110836
2018-04-12,1187.79,1197.26,1170.75,1177.38,143589
2018-04-13,1183.06,1184.0,1163.19,1169.8,125418
2018-04-16,1162.24,1177.38,1161.29,1175.49,116435
2018-04-17,1169.8,1172.65,1148.04,1156.55,140843
2018-04-18,1157.52,1176.44,1155.61,1168.87,159228
2018-04-19,1179.27,1179.27,1150.88,1161.29,182999
2018-04-20,1156.55,1177.38,1156.55,1173.59,124677
2018-04-23,1175.49,1194.42,1174.54,1189.68,111046
2018-04-24,1203.88,1209.55,1194.42,1207.67,133234
2018-04-25,1208.62,1216.19,1197.26,1211.46,177822
2018-04-26,1211.46,1218.07,1201.04,1203.88,132918
2018-04-27,1207.67,1207.67,1192.52,1205.77,140947
2018-05-01,1198.2,1208.62,1182.11,1201.99,102595
2018-05-02,1201.99,1217.13,1196.31,1206.73,149508
2018-05-07,1206.73,1216.19,1194.42,1198.2,172964
2018-05-08,1198.2,1198.2,1157.52,1158.46,321200
2018-05-09,1159.4,1172.65,1156.55,1164.13,170216
2018-05-10,1164.13,1197.26,1140.47,1196.31,306725
2018-05-11,1196.31,1239.84,1193.47,1239.84,326379
2018-05-14,1376.14,1377.09,1261.62,1308.94,772890
2018-05-15,1334.48,1415.88,1330.7,1373.29,882247
2018-05-16,1358.16,1373.29,1346.8,1346.8,254742
2018-05-17,1342.06,1342.06,1308.94,1335.44,274288
2018-05-18,1342.06,1343.95,1326.92,1329.76,113583
2018-05-21,1331.66,1341.11,1322.18,1334.48,124888
2018-05-22,1334.48,1356.26,1314.61,1352.46,213006
2018-05-23,1357.2,1397.9,1355.32,1383.71,266892
2018-05-24,1381.82,1397.9,1370.45,1391.27,185748
2018-05-25,1370.45,1386.55,1351.53,1378.97,259603
2018-05-28,1378.97,1379.91,1336.39,1352.46,342545
2018-05-29,1372.35,1376.14,1352.46,1367.63,207829
2018-05-30,1344.91,1361.93,1322.18,1343.95,275873
2018-05-31,1357.2,1367.63,1321.23,1328.82,398332
2018-06-01,1324.08,1327.87,1306.1,1320.3,305669
2018-06-04,1337.34,1350.57,1330.7,1347.75,150457
2018-06-05,1350.57,1382.76,1348.69,1379.91,174337
2018-06-06,1373.29,1381.82,1358.16,1378.03,107244
2018-06-07,1406.41,1414.94,1361.93,1365.73,582916
2018-06-08,1376.14,1386.55,1360.05,1376.14,467539
2018-06-11,1380.87,1410.21,1364.78,1404.53,272705
2018-06-12,1413.05,1427.24,1407.37,1419.67,307677
2018-06-13,1420.62,1437.65,1414.94,1418.72,280629
2018-06-14,1410.21,1420.62,1405.48,1414.01,155211
2018-06-15,1432.92,1442.38,1423.46,1430.09,211211
2018-06-18,1432.92,1446.17,1417.78,1426.3,205611
2018-06-19,1414.94,1414.94,1359.1,1360.99,220087
2018-06-20,1363.84,1364.78,1327.87,1337.34,240477
2018-06-21,1335.44,1336.39,1313.68,1313.68,206667
2018-06-22,1314.61,1339.22,1314.61,1339.22,358075
2018-06-25,1324.08,1335.44,1295.69,1308.94,369064
2018-06-26,1305.15,1305.15,1281.5,1297.59,220720
2018-06-27,1299.48,1312.72,1283.39,1302.31,160177
2018-06-28,1312.72,1312.72,1278.66,1294.74,225792
2018-06-29,1320.3,1328.82,1306.1,1322.18,342120
2018-07-02,1322.18,1325.03,1263.52,1266.34,315602
2018-07-03,1267.3,1287.17,1225.65,1231.34,314123
2018-07-04,1221.86,1248.36,1218.07,1243.63,141687
2018-07-05,1258.78,1263.52,1227.54,1229.44,204766
2018-07-06,1245.52,1280.54,1245.52,1274.87,406256
2018-07-09,1291.9,1293.79,1272.03,1290.95,310952
2018-07-10,1300.42,1308.94,1286.22,1290.95,320567
2018-07-11,1287.17,1296.64,1275.8,1287.17,179619
2018-07-12,1307.04,1327.87,1303.25,1305.15,289927
2018-07-13,1313.68,1323.13,1293.79,1295.69,236675
2018-07-17,1333.55,1341.11,1314.61,1317.46,267210
2018-07-18,1276.76,1304.2,1263.52,1268.23,322679
2018-07-19,1281.5,1300.42,1272.97,1297.59,284010
2018-07-20,1289.06,1307.04,1272.03,1284.32,208463
2018-07-23,1268.23,1277.7,1253.1,1254.98,147394
2018-07-24,1247.43,1254.05,1229.44,1235.12,203920
2018-07-25,1243.63,1252.16,1240.79,1252.16,112736
2018-07-26,1258.78,1274.87,1251.21,1272.03,156690
2018-07-27,1277.7,1280.54,1266.34,1274.87,128481
2018-07-30,1273.91,1273.91,1247.43,1249.32,136299
2018-07-31,1239.84,1253.1,1226.59,1232.27,414286
2018-08-01,1232.27,1238.9,1168.87,1168.87,423795
2018-08-02,1168.87,1180.22,1138.57,1138.57,367691
2018-08-03,1133.83,1139.52,1118.72,1122.48,217656
2018-08-06,1126.28,1131.02,1119.65,1125.32,142005
2018-08-07,1133.83,1138.57,1123.43,1136.69,109250
2018-08-08,1126.28,1137.63,1126.28,1132.9,239949
2018-08-09,1131.95,1136.69,1118.72,1133.83,166095
2018-08-10,1141.41,1141.41,1118.72,1121.54,152782
2018-08-13,1114.92,1114.92,1081.79,1084.63,174018
2018-08-14,1096.0,1110.19,1090.3,1109.23,146654
2018-08-15,1100.73,1109.23,1078.95,1085.57,120872
2018-08-16,1066.65,1071.38,1051.51,1056.23,142427
2018-08-17,1066.65,1091.26,1062.87,1090.3,216811
2018-08-20,1078.95,1087.47,1065.69,1067.58,112950
2018-08-21,1095.04,1117.75,1086.52,1113.03,327012
2018-08-22,1125.32,1156.55,1116.81,1148.04,294998
2018-08-23,1148.04,1158.46,1127.21,1156.55,219980
2018-08-24,1170.75,1181.17,1151.82,1178.33,171061
2018-08-27,1185.9,1193.47,1174.54,1186.85,226108
2018-08-28,1192.52,1193.47,1160.34,1166.02,186276
2018-08-29,1169.8,1169.8,1153.72,1155.61,179832
2018-08-30,1161.29,1164.13,1149.94,1164.13,152148
2018-08-31,1154.67,1159.4,1151.82,1158.46,269958
2018-09-03,1158.46,1165.08,1133.83,1145.2,165461
2018-09-04,1134.79,1137.63,1114.92,1129.11,248297
2018-09-05,1130.06,1131.95,1113.97,1116.81,166412
2018-09-06,1102.62,1108.29,1092.21,1098.83,123620
2018-09-07,1075.15,1096.94,1073.28,1091.26,166940
2018-09-10,1091.26,1103.55,1085.57,1087.47,165568
2018-09-11,1092.21,1094.09,1078.95,1085.57,137567
2018-09-12,1088.41,1093.14,1067.58,1078.01,116012
2018-09-13,1079.89,1102.62,1079.89,1094.09,121400
2018-09-14,1105.45,1120.6,1104.5,1115.85,195361
2018-09-18,1110.19,1151.82,1107.35,1139.52,193987
2018-09-19,1114.92,1147.1,1096.94,1137.63,518678
2018-09-20,1142.36,1182.11,1139.52,1163.19,425380
2018-09-21,1166.98,1177.38,1149.94,1176.44,322469
2018-09-25,1183.06,1214.29,1183.06,1213.36,564427
2018-09-26,1220.48,1242.38,1217.63,1237.63,361968
2018-09-27,1242.38,1270.0,1237.63,1248.09,301886
2018-09-28,1260.47,1291.89,1254.76,1277.61,373837
2018-10-01,1283.33,1284.26,1242.38,1254.76,316380
2018-10-02,1266.17,1285.22,1264.28,1277.61,271845
2018-10-03,1274.75,1277.61,1245.24,1249.04,242748
2018-10-04,1249.04,1265.24,1235.72,1259.52,272893
2018-10-05,1259.52,1278.56,1250.0,1256.66,257454
2018-10-09,1253.81,1256.66,1222.4,1232.86,214281
2018-10-10,1233.82,1260.47,1230.95,1247.15,291171
2018-10-11,1190.02,1208.11,1175.75,1187.17,328775
2018-10-12,1170.03,1212.86,1169.07,1195.73,301886
2018-10-15,1223.34,1236.67,1199.55,1201.45,328040
2018-10-16,1087.2,1147.18,1083.4,1122.43,670051
2018-10-17,1143.37,1172.88,1125.28,1168.12,310498
2018-10-18,1169.07,1184.31,1154.81,1165.27,164807
2018-10-19,1150.99,1155.75,1121.48,1134.8,186130
2018-10-22,1116.71,1121.48,1094.83,1115.75,334552
2018-10-23,1107.2,1110.05,1073.87,1079.59,326150
2018-10-24,1082.44,1096.72,1077.69,1083.4,253461
2018-10-25,1054.84,1056.74,1004.38,1007.23,391904
2018-10-26,1008.19,1015.8,977.72,986.3,395162
2018-10-29,987.24,1012.95,966.3,969.15,246319
2018-10-30,959.63,1010.09,954.86,1005.33,278881
2018-10-31,1062.45,1103.4,1038.65,1067.22,668370
2018-11-01,960.59,1026.27,957.73,1000.56,505558
2018-11-02,997.72,1030.09,994.86,1030.09,279616
2018-11-05,1054.84,1092.92,1054.84,1088.14,451462
2018-11-06,1088.14,1092.92,1058.65,1066.26,215438
2018-11-07,1071.97,1117.66,1065.3,1080.54,266171
2018-11-08,1114.81,1126.24,1100.54,1116.71,146951
2018-11-09,1116.71,1126.24,1103.4,1118.63,110607
2018-11-12,1117.66,1139.56,1097.67,1135.76,172580
2018-11-13,1115.75,1119.57,1082.44,1114.81,174786
2018-11-14,1126.24,1143.37,1116.71,1134.8,304196
2018-11-15,1131.95,1142.42,1118.63,1122.43,112814
2018-11-16,1137.66,1171.94,1129.09,1149.09,269321
2018-11-19,1140.51,1161.45,1136.72,1143.37,126154
2018-11-20,1128.14,1145.27,1117.66,1137.66,126678
2018-11-21,1105.29,1140.51,1099.57,1131.01,161761
2018-11-22,1132.9,1134.8,1102.44,1125.28,306402
2018-11-26,1129.09,1166.23,1129.09,1162.41,280142
2018-11-27,1162.41,1162.41,1145.27,1161.45,203567
2018-11-28,1161.45,1174.79,1157.65,1172.88,241592
2018-11-29,1190.02,1209.06,1180.5,1200.5,161866
2018-11-30,1206.21,1223.34,1190.02,1217.63,320057
2018-12-03,1235.72,1235.72,1183.36,1183.36,257138
2018-12-04,1166.23,1166.23,1108.15,1114.81,280666
2018-12-05,1091.96,1130.05,1091.96,1110.05,148317
2018-12-06,1100.54,1124.33,1093.86,1123.37,186761
2018-12-07,1127.19,1135.76,1084.35,1088.14,269113
2018-12-10,1069.11,1070.06,1015.8,1021.52,244323
2018-12-11,1003.43,1011.04,988.2,992.95,152939
2018-12-12,995.81,1007.23,992.0,1005.33,244008
2018-12-13,1015.8,1047.22,1011.04,1042.44,209660
2018-12-14,1034.84,1034.84,997.72,1001.52,196426
2018-12-17,990.1,1000.56,972.95,978.67,172056
2018-12-18,961.53,978.67,943.45,966.3,295266
2018-12-19,971.05,1014.85,971.05,1007.23,340330
2018-12-20,988.2,1004.38,984.39,999.62,504193
2018-12-21,994.86,996.76,920.6,939.65,424888
2018-12-25,925.36,925.36,872.99,874.9,185816
2018-12-26,886.32,906.33,870.15,883.47,263440
2018-12-27,904.42,960.59,904.42,959.63,208504
2018-12-28,958.69,967.25,944.4,952.96,168379
2019-01-04,924.42,940.6,887.29,917.74,311444
2019-01-07,944.4,944.4,923.45,933.94,251045
2019-01-08,920.6,928.22,911.09,917.74,359867
2019-01-09,914.89,972.01,909.16,955.82,402513
2019-01-10,944.4,944.4,919.65,930.12,233398
2019-01-11,935.83,956.78,928.22,929.17,248945
2019-01-15,905.37,928.22,882.52,923.45,219428
2019-01-16,922.51,951.07,913.93,943.45,214071
2019-01-17,983.43,1022.47,972.95,996.76,556713
2019-01-18,977.72,988.2,968.21,972.01,299574
2019-01-21,972.95,990.1,955.82,980.57,196844
2019-01-22,974.87,980.57,965.34,972.01,108822
2019-01-23,952.03,974.87,944.4,969.15,210185
2019-01-24,952.03,974.87,947.26,967.25,178462
2019-01-25,960.59,989.14,954.86,973.92,146006
2019-01-28,973.92,992.95,963.44,972.95,214491
2019-01-29,959.63,981.53,947.26,975.82,212391
2019-01-30,974.87,978.67,946.3,947.26,281402
2019-01-31,952.96,992.0,948.21,977.72,301360
2019-02-01,849.2,879.66,837.77,839.68,843158
2019-02-04,833.02,861.57,830.16,842.54,434551
2019-02-05,856.81,857.76,824.45,832.06,574675
2019-02-06,834.93,860.63,831.11,857.76,460600
2019-02-07,853.02,854.91,821.59,824.45,518689
2019-02-08,811.11,826.35,800.65,823.51,274155
2019-02-12,809.22,826.35,804.44,812.07,326780
2019-02-13,822.53,837.77,818.74,833.02,223210
2019-02-14,841.59,854.91,839.68,846.35,315434
2019-02-15,837.77,838.72,820.64,825.41,227516
2019-02-18,833.96,850.14,829.21,846.35,185710
2019-02-19,853.96,858.72,846.35,854.91,128989
2019-02-20,855.86,872.99,855.86,865.39,298628
2019-02-21,868.23,872.99,853.02,860.63,236340
2019-02-22,855.86,865.39,853.02,854.91,159449
2019-02-25,859.67,873.95,858.72,869.2,159031
2019-02-26,869.2,871.11,861.57,868.23,154724
2019-02-27,873.95,897.75,872.04,880.62,474571
2019-02-28,886.32,887.29,864.43,872.04,243484
2019-03-01,868.23,885.37,868.23,874.9,143695
2019-03-04,887.29,891.08,875.86,878.72,93381
2019-03-05,870.15,878.72,864.43,877.76,118905
2019-03-06,875.86,875.86,859.67,866.34,195480
2019-03-07,857.76,873.95,857.76,870.15,164598
2019-03-08,855.86,864.43,834.93,844.44,229828
2019-03-11,841.59,851.11,829.21,848.25,153568
2019-03-12,858.72,867.29,853.96,863.47,160502
2019-03-13,860.63,873.95,847.3,856.81,156300
2019-03-14,859.67,859.67,836.82,837.77,229512
2019-03-15,836.82,846.35,830.16,834.93,204092
2019-03-18,845.38,866.34,845.38,856.81,228883
2019-03-19,851.11,851.11,832.06,843.5,277832
2019-03-20,844.44,865.39,836.82,859.67,280351
2019-03-22,863.47,885.37,854.91,885.37,405559
2019-03-25,859.67,860.63,823.51,827.3,395475
2019-03-26,833.02,860.63,821.59,854.91,477513
2019-03-27,856.36,861.15,847.71,851.55,187493
2019-03-28,840.99,841.94,816.03,818.91,276552
2019-03-29,822.75,837.14,818.91,823.71,301446
2019-04-01,832.35,847.71,820.83,828.51,425818
2019-04-02,837.14,848.68,828.51,832.35,236866
2019-04-03,826.59,838.11,819.87,838.11,272802
2019-04-04,842.91,848.68,830.44,841.94,151973
2019-04-05,840.99,860.19,840.04,859.23,177702
2019-04-08,864.04,865.96,840.04,841.94,158431
2019-04-09,841.94,846.76,824.68,830.44,146974
2019-04-10,825.62,836.19,816.99,819.87,167910
2019-04-11,819.87,821.79,808.35,820.83,144994
2019-04-12,823.71,826.59,808.35,808.35,128954
2019-04-15,822.75,834.27,817.94,829.47,192076
2019-04-16,833.31,844.84,827.54,829.47,122391
2019-04-17,831.39,844.84,830.44,840.04,170098
2019-04-18,842.91,844.84,822.75,825.62,218743
2019-04-19,825.62,830.44,792.03,799.71,249157
2019-04-22,800.67,802.59,782.44,799.71,190930
2019-04-23,795.88,810.27,792.03,810.27,131662
2019-04-24,811.23,812.19,792.99,797.8,122078
2019-04-25,797.8,804.5,791.08,801.63,153744
2019-04-26,802.59,805.48,788.19,802.59,103642
2019-05-07,807.4,832.35,799.71,806.43,222283
2019-05-08,787.23,810.27,786.28,807.4,389360
2019-05-09,792.99,814.11,792.99,810.27,384362
2019-05-10,807.4,818.91,797.8,807.4,305718
2019-05-13,808.35,827.54,789.15,794.9,354778
2019-05-14,766.11,785.3,740.19,781.48,270302
2019-05-15,786.28,791.08,774.75,783.39,176243
2019-05-16,787.23,788.19,769.95,771.87,188638
2019-05-17,773.79,785.3,769.95,781.48,208430
2019-05-20,777.63,784.35,765.15,765.15,153016
2019-05-21,757.47,768.03,749.79,762.27,175618
2019-05-22,768.03,779.55,766.11,770.9,269781
2019-05-23,772.83,785.3,769.95,772.83,205200
2019-05-24,768.98,777.63,762.27,768.03,192806
2019-05-27,771.87,775.7,766.11,770.9,116871
2019-05-28,768.03,768.98,749.79,756.51,295926
2019-05-29,744.99,746.91,727.71,736.34,350196
2019-05-30,728.66,733.47,723.87,728.66,177285
2019-05-31,724.83,740.19,724.83,731.55,153016
2019-06-03,725.79,727.71,706.59,707.55,205408
2019-06-04,706.59,709.46,688.35,691.23,259053
2019-06-05,700.82,717.15,690.27,716.2,258741
2019-06-06,710.42,716.2,704.66,704.66,112600
2019-06-07,704.66,713.3,700.82,707.55,133223
2019-06-10,718.1,720.03,709.46,716.2,145620
2019-06-11,720.03,732.51,711.39,725.79,169993
2019-06-12,730.59,753.63,728.66,743.06,157912
2019-06-13,740.19,743.06,716.2,720.99,141245
2019-06-14,723.87,725.79,713.3,719.06,158016
2019-06-17,718.1,722.91,708.5,709.46,142910
2019-06-18,706.59,706.59,674.91,676.83,288010
2019-06-19,682.59,697.95,674.91,694.1,261240
2019-06-20,694.1,708.5,693.14,702.74,125413
2019-06-21,702.74,705.63,696.98,698.9,335404
2019-06-24,696.03,700.82,693.14,696.03,79580
2019-06-25,706.59,712.34,691.23,691.23,198430
2019-06-26,690.27,698.9,688.35,691.23,114058
2019-06-27,696.03,713.3,696.03,712.34,126037
2019-06-28,712.34,715.23,704.66,705.63,107287
2019-07-01,718.1,719.06,691.23,710.42,274886
2019-07-02,710.42,727.71,710.42,719.06,131975
2019-07-03,722.91,726.74,717.15,726.74,127079
2019-07-04,730.59,740.19,729.63,738.26,124162
2019-07-05,741.15,742.11,726.74,731.55,154056
2019-07-08,737.31,740.19,729.63,729.63,133537
2019-07-09,729.63,739.23,722.91,724.83,98954
2019-07-10,722.91,727.71,717.15,720.99,128746
2019-07-11,721.95,723.87,713.3,715.23,146452
2019-07-12,714.27,720.99,705.63,705.63,120099
2019-07-16,708.5,708.5,688.35,695.06,150932
2019-07-17,689.3,692.19,682.59,683.55,172181
2019-07-18,681.63,681.63,655.71,656.66,267698
2019-07-19,661.46,665.31,656.66,661.46,224158
2019-07-22,664.34,671.06,658.59,668.18,171765
2019-07-23,664.34,670.1,662.43,670.1,233637
2019-07-24,672.03,676.83,669.14,674.91,235096
2019-07-25,673.95,678.75,671.06,672.99,162182
2019-07-26,671.06,672.03,657.64,659.54,248428
2019-07-29,661.46,675.86,661.46,673.95,179160
2019-07-30,679.7,685.45,677.78,683.55,221450
2019-07-31,679.7,684.5,668.18,679.7,372902
2019-08-01,652.82,666.26,609.62,644.18,513627
2019-08-02,634.58,651.86,619.22,624.03,252491
2019-08-05,619.22,626.89,596.18,611.54,311863
2019-08-06,587.55,601.94,585.63,600.03,231762
2019-08-07,597.15,606.75,593.3,600.03,214680
2019-08-08,600.99,611.54,592.35,604.83,149369
2019-08-09,610.58,610.58,594.25,595.23,91767
2019-08-13,594.25,603.86,583.7,601.94,374882
2019-08-14,604.83,613.46,601.94,607.7,196659
2019-08-15,589.46,593.3,584.66,586.58,161868
2019-08-16,585.63,597.15,582.74,590.43,89164
2019-08-19,590.43,597.15,587.55,592.35,93955
2019-08-20,592.35,600.99,591.39,600.03,69998
2019-08-21,594.25,595.23,584.66,584.66,114371
2019-08-22,589.46,589.46,578.9,581.78,128641
2019-08-23,586.58,593.3,585.63,586.58,104266
2019-08-26,576.98,579.85,561.62,566.43,184056
2019-08-27,576.03,589.46,575.06,581.78,108329
2019-08-28,583.7,587.55,571.23,575.06,121662
2019-08-29,579.85,582.74,573.14,579.85,85516
2019-08-30,587.55,605.78,586.58,603.86,183222
2019-09-02,613.46,621.14,610.58,611.54,295405
2019-09-03,615.38,633.63,615.38,630.74,230823
2019-09-04,630.74,639.39,627.86,636.5,309572
2019-09-05,640.34,671.06,635.54,660.5,335300
2019-09-06,667.24,680.66,658.59,672.03,291552
2019-09-09,671.06,696.98,669.14,688.35,266552
2019-09-10,688.35,696.98,687.38,692.19,228221
2019-09-11,693.14,705.63,689.3,701.78,208950
2019-09-12,696.03,702.74,691.23,691.23,262178
2019-09-13,693.14,693.14,677.78,688.35,291865
2019-09-17,688.35,696.03,685.45,692.19,205200
2019-09-18,690.27,690.27,670.1,673.95,236971
2019-09-19,672.03,695.06,672.03,692.19,238532
2019-09-20,692.19,693.14,686.43,692.19,307696
2019-09-24,692.19,692.19,675.86,684.5,496023
2019-09-25,683.55,691.23,676.83,680.66,310718
2019-09-26,684.5,696.03,683.55,688.35,608102
2019-09-27,685.42,689.31,666.02,671.84,295405
2019-09-30,662.14,671.84,652.43,666.02,254720
2019-10-01,668.93,678.64,666.02,667.96,152441
2019-10-02,662.14,666.02,659.22,665.04,159858
2019-10-03,650.49,651.45,644.66,648.54,137197
2019-10-04,646.6,650.49,638.83,650.49,112168
2019-10-07,644.66,651.45,642.72,651.45,138536
2019-10-08,650.49,666.02,649.51,666.02,281088
2019-10-09,665.04,669.89,654.37,667.96,142451
2019-10-10,672.81,673.78,658.25,670.87,130090
2019-10-11,666.99,666.99,657.28,663.1,110829
2019-10-15,675.72,686.41,672.81,683.49,161093
2019-10-16,684.46,701.94,683.49,683.49,170981
2019-10-17,679.6,680.58,666.02,674.75,146879
2019-10-18,669.89,684.46,663.1,665.04,123291
2019-10-21,663.1,674.75,662.14,670.87,131841
2019-10-23,662.14,672.81,644.66,670.87,287166
2019-10-24,673.78,681.55,667.96,675.72,129679
2019-10-25,678.64,690.29,678.64,688.35,177161
2019-10-28,687.37,691.26,678.64,679.6,142451
2019-10-29,686.41,697.08,682.52,692.23,157487
2019-10-30,684.46,700.0,674.75,699.02,413857
2019-10-31,684.46,696.12,681.55,689.31,207958
2019-11-01,684.46,709.71,679.6,706.79,328572
2019-11-05,704.85,723.29,704.85,721.35,283045
2019-11-06,721.35,724.27,705.82,723.29,280676
2019-11-07,721.35,721.35,704.85,720.38,169024
2019-11-08,727.18,734.94,723.29,729.12,286033
2019-11-11,733.0,741.75,728.15,731.06,182517
2019-11-12,737.86,737.86,726.21,737.86,147187
2019-11-13,736.89,736.89,719.42,720.38,105884
2019-11-14,720.38,720.38,704.85,705.82,133694
2019-11-15,710.67,727.18,708.73,717.48,115258
2019-11-18,719.42,719.42,704.85,708.73,101353
2019-11-19,709.71,712.62,704.85,709.71,116287
2019-11-20,704.85,707.77,691.26,696.12,148218
2019-11-21,700.0,703.88,679.6,693.2,219391
2019-11-22,700.0,708.73,693.2,694.17,156047
2019-11-25,706.79,706.79,691.26,695.14,122468
2019-11-26,699.02,699.02,687.37,690.29,181693
2019-11-27,691.26,700.97,688.35,697.08,100735
2019-11-28,700.97,700.97,689.31,690.29,96511
2019-11-29,691.26,691.26,682.52,685.42,105987
2019-12-02,684.46,692.23,683.49,691.26,149660
2019-12-03,685.42,686.41,677.66,683.49,116905
2019-12-04,675.72,684.46,670.87,683.49,131429
2019-12-05,681.55,691.26,681.55,691.26,105472
2019-12-06,691.26,695.14,688.35,691.26,111858
2019-12-09,696.12,701.94,692.23,692.23,121129
2019-12-10,691.26,700.0,690.29,697.08,116184
2019-12-11,695.14,695.14,684.46,686.41,129369
2019-12-12,692.23,694.17,676.7,677.66,133489
2019-12-13,687.37,695.14,680.58,684.46,244729
2019-12-16,687.37,690.29,680.58,680.58,111034
2019-12-17,689.31,699.02,684.46,697.08,152853
2019-12-18,697.08,702.91,691.26,696.12,131737
2019-12-19,693.2,700.0,692.23,696.12,105266
2019-12-20,697.08,707.77,695.14,700.97,350305
2019-12-23,706.79,706.79,697.08,697.08,95687
2019-12-24,699.02,704.85,698.06,701.94,127308
2019-12-25,701.94,701.94,683.49,688.35,115876
2019-12-26,688.35,694.17,687.37,693.2,130811
2019-12-27,700.97,721.35,700.97,707.77,250189
2019-12-30,701.94,701.94,691.26,691.26,87551
2020-01-06,680.58,684.46,663.1,682.52,291285
2020-01-07,684.46,694.17,682.52,685.42,130811
2020-01-08,678.64,678.64,661.16,668.93,300866
2020-01-09,678.64,681.55,670.87,674.75,119789
2020-01-10,682.52,682.52,673.78,675.72,129163
2020-01-14,675.72,675.72,667.96,668.93,134416
2020-01-15,663.1,672.81,663.1,669.89,107636
2020-01-16,667.96,672.81,663.1,669.89,103104
2020-01-17,671.84,671.84,666.02,666.99,128545
2020-01-20,667.96,669.89,666.02,666.99,66848
2020-01-21,668.93,669.89,660.19,664.08,142965
2020-01-22,665.04,666.02,657.28,664.08,118244
2020-01-23,666.02,668.93,656.31,664.08,125249
2020-01-24,660.19,660.19,652.43,652.43,142656
2020-01-27,645.63,645.63,632.03,633.01,137403
2020-01-28,630.09,630.09,616.51,622.32,129369
2020-01-29,622.32,627.18,621.36,626.21,121644
2020-01-30,624.26,630.09,606.8,612.62,142656
2020-01-31,611.65,617.47,607.76,608.74,119789
2020-02-03,601.94,604.86,594.16,600.0,222893
2020-02-04,595.15,611.65,595.15,609.7,120202
2020-02-05,618.44,631.07,615.53,624.26,185504
2020-02-06,631.07,640.78,629.12,637.86,169641
2020-02-07,638.83,638.83,629.12,629.12,86108
2020-02-10,626.21,631.07,622.32,628.15,90641
2020-02-12,632.03,633.97,620.38,624.26,85490
2020-02-13,625.24,625.24,615.53,619.41,85285
2020-02-14,616.51,620.38,611.65,618.44,82812
2020-02-17,615.53,616.51,602.91,603.88,114330
2020-02-18,600.97,605.82,594.16,599.03,113197
2020-02-19,600.97,607.76,600.97,601.94,81165
2020-02-20,607.76,615.53,594.16,596.11,131841
2020-02-21,597.09,605.82,594.16,596.11,150896
2020-02-25,576.69,576.69,563.11,564.07,285621
2020-02-26,554.37,563.11,551.46,559.23,204044
2020-02-27,559.23,562.13,545.63,550.48,246995
2020-02-28,533.98,540.77,522.33,526.21,305087
2020-03-02,513.59,559.23,513.59,557.28,340727
2020-03-03,570.87,571.84,538.82,538.82,197658
2020-03-04,529.12,543.68,526.21,533.98,119893
2020-03-05,543.68,543.68,526.21,533.98,335267
2020-03-06,524.27,525.24,508.74,508.74,329602
2020-03-09,499.03,500.97,479.61,485.43,397067
2020-03-10,466.01,481.55,450.49,479.61,317139
2020-03-11,479.61,490.29,468.93,468.93,267698
2020-03-12,455.34,460.2,437.86,444.66,389136
2020-03-13,419.42,428.15,398.06,412.62,485442
2020-03-16,420.38,430.09,412.62,414.56,401187
2020-03-17,396.11,429.13,395.15,425.24,379454
2020-03-18,430.09,436.89,416.49,418.44,476378
2020-03-19,419.42,421.36,381.55,385.44,543328
2020-03-23,392.23,422.32,387.38,417.48,408912
2020-03-24,414.56,451.45,412.62,451.45,413341
2020-03-25,490.29,491.26,462.13,477.66,304161
2020-03-26,474.76,474.76,454.37,470.87,270480
2020-03-27,483.49,514.56,474.76,514.56,504394
2020-03-30,495.83,496.81,460.35,488.93,305757
2020-03-31,489.91,489.91,473.16,474.14,115243
2020-04-01,464.29,472.17,451.47,456.4,191733
2020-04-02,449.5,461.33,437.67,458.37,252295
2020-04-03,454.43,466.26,428.8,432.75,118387
2020-04-06,425.85,457.38,419.92,450.49,140503
2020-04-07,464.29,471.19,448.52,461.33,106112
2020-04-08,461.33,467.24,431.76,463.3,205428
2020-04-09,470.21,475.14,455.42,475.14,85823
2020-04-10,475.14,485.97,459.36,484.0,129952
2020-04-13,479.07,482.03,464.29,468.23,87953
2020-04-14,467.24,476.12,458.37,476.12,88664
2020-04-15,474.14,474.14,455.42,459.36,137763
2020-04-16,454.43,471.19,454.43,471.19,134213
2020-04-17,471.19,484.98,465.28,472.17,191124
2020-04-20,471.19,474.14,464.29,469.21,94751
2020-04-21,465.28,467.24,455.42,462.31,109866
2020-04-22,460.35,460.35,450.49,452.45,111387
2020-04-23,460.35,482.03,457.38,482.03,134010
2020-04-24,480.05,480.05,470.21,475.14,87041
2020-04-27,485.97,485.97,475.14,484.0,144764
2020-04-28,484.0,486.96,478.09,486.96,153590
2020-04-30,492.88,509.63,492.88,500.76,156430
2020-05-01,496.81,496.81,481.05,483.02,99112
2020-05-07,483.02,487.95,473.16,478.09,122344
2020-05-08,480.05,494.84,476.12,494.84,141111
2020-05-11,495.83,514.56,495.83,514.56,107329
2020-05-12,517.52,517.52,501.74,504.7,63200
2020-05-13,497.81,505.69,493.86,503.72,83997
2020-05-14,484.0,484.0,454.43,454.43,243064
2020-05-15,462.31,468.23,455.42,464.29,93330
2020-05-18,464.29,464.29,453.45,460.35,95562
2020-05-19,468.23,479.07,468.23,478.09,130561
2020-05-20,478.09,478.09,471.19,477.1,93939
2020-05-21,479.07,486.96,476.12,484.0,78317
2020-05-22,485.97,490.9,479.07,490.9,99316
2020-05-25,495.83,513.58,492.88,513.58,116662
2020-05-26,522.44,535.26,513.58,535.26,179660
2020-05-27,532.3,539.2,521.46,537.23,153995
2020-05-28,542.16,542.16,522.44,535.26,183008
2020-05-29,529.34,536.25,524.41,533.29,209181
2020-06-01,533.29,555.96,533.29,553.99,196602
2020-06-02,552.02,594.4,552.02,591.45,288714
2020-06-03,596.38,599.33,585.54,593.42,301396
2020-06-04,593.42,602.29,584.54,598.35,290744
2020-06-05,595.39,609.19,586.52,602.29,155516
2020-06-08,609.19,616.09,603.28,613.14,163733
2020-06-09,616.09,618.07,606.23,612.14,137459
2020-06-10,612.14,640.74,608.21,631.86,329801
2020-06-11,625.95,629.9,617.07,617.07,255542
2020-06-12,601.3,616.09,591.45,607.22,330003
2020-06-15,617.07,622.0,600.32,600.32,364901
2020-06-16,608.21,648.62,605.25,640.74,349278
2020-06-17,639.75,658.48,628.91,656.51,449405
2020-06-18,646.65,648.62,628.91,630.88,398073
2020-06-19,629.9,630.88,616.09,619.05,314888
2020-06-22,613.14,623.98,604.26,622.0,134416
2020-06-23,623.98,634.83,619.05,628.91,140503
2020-06-24,625.95,627.92,588.49,589.47,595285
2020-06-25,588.49,604.26,586.52,602.29,317120
2020-06-26,608.21,626.93,603.28,619.05,298048
2020-06-29,617.07,621.02,603.28,605.25,244282
2020-06-30,621.02,626.93,597.37,597.37,226833
2020-07-01,600.32,618.07,599.33,600.32,202892
2020-07-02,610.18,637.78,610.18,620.04,558866
2020-07-03,627.92,656.51,627.92,638.76,524577
2020-07-06,647.64,681.15,645.67,656.51,465332
2020-07-07,650.59,651.58,625.95,630.88,296526
2020-07-08,632.85,637.78,623.98,627.92,114229
2020-07-09,634.83,639.75,614.12,627.92,246513
2020-07-10,627.92,645.67,625.95,625.95,319453
2020-07-13,625.95,645.67,625.95,636.79,233630
2020-07-14,638.76,667.36,637.78,647.64,286381
2020-07-15,654.53,682.14,654.53,676.22,304541
2020-07-16,703.82,723.54,695.94,714.67,704237
2020-07-17,700.87,718.61,700.87,709.74,315801
2020-07-20,709.74,733.4,705.8,732.41,294598
2020-07-21,734.38,737.34,717.63,721.56,198226
2020-07-22,714.67,732.41,710.72,729.45,179864
2020-07-27,729.45,759.02,724.53,757.06,469694
2020-07-28,765.92,786.62,760.01,777.76,366829
2020-07-29,773.81,776.76,756.07,768.88,223079
2020-07-30,775.78,786.62,764.94,777.76,242152
2020-07-31,776.76,780.71,738.32,738.32,342887
2020-08-03,827.05,886.18,810.29,864.5,1286841
2020-08-04,874.36,936.46,874.36,936.46,950243
2020-08-05,923.64,936.46,907.87,922.66,485419
2020-08-06,907.87,907.87,875.34,898.02,554706
2020-08-07,890.13,904.92,867.46,887.18,402943
2020-08-11,896.04,911.82,894.07,900.97,638602
2020-08-12,906.89,928.57,899.99,904.92,421812
2020-08-13,911.82,914.78,901.96,906.89,271976
2020-08-14,906.89,931.54,898.02,907.87,222268
2020-08-17,906.89,917.73,900.97,906.89,145271
2020-08-18,947.3,1015.32,947.3,997.58,1234901
2020-08-19,1009.41,1027.15,987.72,1009.41,844131
2020-08-20,1000.53,1021.23,992.65,1013.35,495766
2020-08-21,1025.18,1054.75,1024.19,1050.8,416435
2020-08-24,1053.77,1059.68,1031.09,1052.78,280599
2020-08-25,1059.68,1073.47,1044.89,1048.84,268731
2020-08-26,1033.06,1040.95,1009.41,1014.34,308497
2020-08-27,1021.23,1031.09,1010.39,1021.23,250165
2020-08-28,1007.43,1017.29,969.98,980.82,431247
2020-08-31,988.7,1007.43,988.7,1000.53,283643
2020-09-01,999.55,1007.43,994.62,1001.52,187269
2020-09-02,1001.52,1023.2,995.6,1011.38,322496
2020-09-03,1022.22,1042.92,1013.35,1035.03,420493
2020-09-04,992.65,1018.27,982.79,986.74,309917
2020-09-07,978.84,978.84,928.57,939.42,474462
2020-09-08,945.33,957.16,937.45,952.23,219732
2020-09-09,927.59,933.5,892.1,892.1,632109
2020-09-10,902.94,919.7,893.09,894.07,454680
2020-09-11,898.02,907.87,887.18,900.97,230181
2020-09-14,899.0,939.42,891.11,918.71,522954
2020-09-15,916.75,939.42,906.89,936.46,324830
2020-09-16,961.1,979.83,947.3,954.21,422217
2020-09-17,954.21,968.0,939.42,966.03,323004
2020-09-18,966.03,968.0,950.26,950.26,264165
2020-09-23,950.26,953.22,932.52,940.4,319351
2020-09-24,932.52,941.38,915.76,919.7,316916
2020-09-25,920.69,950.26,920.69,945.33,394117
2020-09-28,960.12,964.07,940.4,961.1,741265
2020-09-29,969.05,1002.85,963.09,997.88,473085
2020-09-30,993.9,993.9,946.2,946.2,392292
2020-10-02,964.09,968.06,915.38,924.33,383539
2020-10-05,934.27,935.26,911.41,928.3,311801
2020-10-06,942.22,958.12,931.29,937.25,298520
2020-10-07,933.27,960.11,931.29,954.15,264312
2020-10-08,969.05,980.98,940.23,947.19,346513
2020-10-09,946.2,961.1,943.21,952.16,260790
2020-10-12,959.12,963.09,945.2,954.15,318240
2020-10-13,951.16,965.08,948.18,954.15,310996
2020-10-14,956.13,956.13,927.31,933.27,279102
2020-10-15,923.34,926.32,895.51,911.41,302545
2020-10-16,920.35,926.32,890.54,922.34,337659
2020-10-19,916.38,944.21,907.43,944.21,416640
2020-10-20,954.15,997.88,948.18,979.99,745948
2020-10-21,985.95,1061.49,981.98,1050.55,802493
2020-10-22,1013.78,1036.64,978.0,987.94,760236
2020-10-23,996.88,1009.8,949.18,982.97,443605
2020-10-26,980.98,988.93,963.09,964.09,270550
2020-10-27,939.24,969.05,929.3,968.06,236140
2020-10-28,954.15,969.05,946.2,962.1,218331
2020-10-29,950.17,993.9,947.19,982.97,384847
2020-10-30,993.9,993.9,836.87,843.82,1866682
2020-11-02,818.98,884.57,808.04,880.6,891838
2020-11-04,894.51,910.41,865.69,866.68,539188
2020-11-05,866.68,871.65,846.8,866.68,458294
2020-11-06,866.68,881.59,860.72,867.68,211389
2020-11-09,866.68,876.62,859.73,867.68,257369
2020-11-10,868.67,871.65,842.83,847.8,519367
2020-11-11,858.73,879.6,847.8,875.63,333031
2020-11-12,869.66,878.61,845.81,852.77,346211
2020-11-13,854.76,872.65,849.79,867.68,269242
2020-11-16,879.6,906.44,879.6,888.55,421772
2020-11-17,918.37,927.31,900.48,908.43,535666
2020-11-18,910.41,929.3,897.49,908.43,304255
2020-11-19,903.46,921.35,900.48,919.36,253043
2020-11-20,918.37,922.34,901.47,910.41,200825
2020-11-24,915.38,967.07,915.38,963.09,510815
2020-11-25,966.07,986.95,953.15,969.05,474996
2020-11-26,977.01,983.96,957.13,959.12,260991
2020-11-27,959.12,969.05,948.18,963.09,249320
2020-11-30,963.09,964.09,950.17,950.17,274071
2020-12-01,953.15,956.13,932.28,948.18,154945
2020-12-02,954.15,957.13,922.34,923.34,284434
2020-12-03,928.3,946.2,925.32,933.27,120233
2020-12-04,929.3,932.28,904.45,908.43,156052
2020-12-07,913.4,913.4,871.65,879.6,241472
2020-12-08,880.6,895.51,871.65,890.54,143777
2020-12-09,890.54,902.46,885.57,901.47,175571
2020-12-10,894.51,905.45,889.54,897.49,112184
2020-12-11,896.5,931.29,896.5,928.3,201931
2020-12-14,928.3,946.2,924.33,928.3,153033
2020-12-15,934.27,936.26,920.35,928.3,113291
2020-12-16,937.25,952.16,934.27,945.2,188348
2020-12-17,964.09,1021.73,961.1,1021.73,652277
2020-12-18,1017.76,1054.53,998.87,1037.63,607605
2020-12-21,1043.6,1054.53,1000.86,1006.82,304859
2020-12-22,1006.82,1010.8,975.02,975.02,268034
2020-12-23,988.93,1003.84,961.1,974.02,244893
2020-12-24,988.93,1030.68,988.93,1018.75,334339
2020-12-25,1011.79,1065.46,1011.79,1058.51,428815
2020-12-28,1073.41,1089.32,1043.6,1065.46,393801
2020-12-29,1063.48,1088.32,1054.53,1085.34,200221
2020-12-30,1085.34,1133.05,1069.44,1127.09,340979
2021-01-04,1147.96,1157.9,1099.26,1114.16,404466
2021-01-05,1107.21,1142.99,1095.28,1111.18,356775
2021-01-06,1111.18,1115.16,1080.37,1082.36,331622
2021-01-07,1111.18,1123.11,1078.38,1081.37,280410
2021-01-08,1073.41,1095.28,1068.45,1094.29,173357
2021-01-12,1097.27,1105.22,1065.46,1073.41,238856
2021-01-13,1069.44,1090.31,1062.48,1089.32,170540
2021-01-14,1089.32,1128.08,1083.35,1102.24,214407
2021-01-15,1101.24,1141.99,1093.29,1122.12,294898
2021-01-18,1151.93,1176.78,1132.05,1156.9,462923
2021-01-19,1157.9,1185.73,1152.93,1160.88,286748
2021-01-20,1155.91,1155.91,1123.11,1128.08,166515
2021-01-21,1135.04,1167.84,1133.05,1141.0,178589
2021-01-22,1142.99,1172.8,1141.99,1150.94,285944
2021-01-25,1153.92,1185.73,1150.94,1175.79,160479
2021-01-26,1166.84,1177.77,1149.95,1163.86,188650
2021-01-27,1182.74,1190.7,1162.87,1180.76,221249
2021-01-28,1150.94,1170.82,1144.98,1158.89,276486
2021-01-29,1143.98,1185.73,1142.99,1142.99,271757
2021-02-01,1119.13,1125.1,1078.38,1117.15,348123
2021-02-02,1118.14,1118.14,1071.43,1079.38,514940
2021-02-03,1090.31,1092.3,1027.7,1035.65,706508
2021-02-04,1033.66,1054.53,1009.8,1018.75,419256
2021-02-05,1026.7,1044.59,1020.74,1041.61,257571
2021-02-08,1046.58,1053.54,1038.63,1047.57,222456
2021-02-09,1054.53,1065.46,1046.58,1055.52,158567
2021-02-10,1048.57,1056.52,1041.61,1049.56,141161
2021-02-12,1052.54,1053.54,1028.69,1028.69,153737
2021-02-15,1036.64,1046.58,1031.67,1037.63,168528
2021-02-16,1047.57,1065.46,1037.63,1039.62,172049
2021-02-17,1036.64,1046.58,1030.68,1034.65,141463
2021-02-18,1040.62,1040.62,1003.84,1009.8,224368
2021-02-19,1003.84,1020.74,1000.86,1017.76,154240
2021-02-22,1029.68,1038.63,1025.71,1030.68,127276
2021-02-24,1039.62,1045.59,1026.7,1028.69,256665
2021-02-25,1034.65,1053.54,1031.67,1051.55,220545
2021-02-26,1034.65,1052.54,1027.7,1028.69,252842
2021-03-01,1046.58,1084.35,1044.59,1083.35,250628
2021-03-02,1113.17,1115.16,1072.42,1077.39,280510
2021-03-03,1076.4,1083.35,1058.51,1083.35,133917
2021-03-04,1069.44,1093.29,1063.48,1093.29,148807
2021-03-05,1088.32,1088.32,1045.59,1085.34,224569
2021-03-08,1095.28,1169.82,1093.29,1166.84,519065
2021-03-09,1152.93,1173.8,1124.1,1171.81,350537
2021-03-10,1180.76,1220.51,1162.87,1172.8,326692
2021-03-11,1173.8,1252.32,1173.8,1242.38,349733
2021-03-12,1241.38,1258.28,1220.51,1258.28,339973
2021-03-15,1267.23,1302.01,1255.3,1263.25,313210
2021-03-16,1242.38,1282.13,1226.48,1282.13,266726
2021-03-17,1281.14,1287.1,1268.22,1274.18,214810
2021-03-18,1282.13,1297.04,1243.37,1291.08,247409
2021-03-19,1279.15,1342.76,1271.2,1341.77,347620
2021-03-22,1341.77,1341.77,1293.07,1298.04,310694
2021-03-23,1313.94,1328.85,1300.02,1305.99,237347
2021-03-24,1291.08,1308.97,1244.37,1260.27,300331
2021-03-25,1254.3,1297.04,1254.3,1290.09,144481
2021-03-26,1304.0,1324.87,1298.04,1308.97,175772
2021-03-29,1304.99,1319.9,1292.07,1304.0,466142
2021-03-30,1313.0,1333.0,1301.0,1313.0,258400
2021-03-31,1304.0,1316.0,1289.0,1298.0,247600
2021-04-01,1313.0,1322.0,1267.0,1272.0,203700
2021-04-02,1293.0,1296.0,1270.0,1275.0,148800
2021-04-05,1263.0,1263.0,1234.0,1260.0,224000
2021-04-06,1265.0,1267.0,1236.0,1241.0,115100
2021-04-07,1228.0,1242.0,1214.0,1221.0,148000
2021-04-08,1209.0,1211.0,1181.0,1189.0,137600
2021-04-09,1189.0,1202.0,1167.0,1173.0,159200
2021-04-12,1188.0,1200.0,1178.0,1196.0,177100
2021-04-13,1191.0,1242.0,1191.0,1234.0,155400
2021-04-14,1248.0,1262.0,1228.0,1249.0,204900
2021-04-15,1233.0,1246.0,1220.0,1239.0,150400
2021-04-16,1250.0,1285.0,1236.0,1278.0,207200
2021-04-19,1294.0,1346.0,1294.0,1310.0,321100
2021-04-20,1285.0,1340.0,1275.0,1301.0,347300
2021-04-21,1278.0,1301.0,1239.0,1257.0,276500
2021-04-22,1284.0,1303.0,1248.0,1262.0,146400
2021-04-23,1260.0,1275.0,1251.0,1252.0,103100
2021-04-26,1260.0,1260.0,1211.0,1219.0,234800
2021-04-27,1206.0,1207.0,1181.0,1186.0,207500
2021-04-28,1178.0,1178.0,1154.0,1168.0,305000
2021-04-30,1165.0,1173.0,1157.0,1159.0,251300
2021-05-06,1150.0,1189.0,1148.0,1169.0,406400
2021-05-07,1155.0,1198.0,1153.0,1194.0,199900
2021-05-10,1200.0,1218.0,1191.0,1201.0,206500
2021-05-11,1198.0,1220.0,1185.0,1188.0,188900
2021-05-12,1196.0,1208.0,1146.0,1154.0,194600
2021-05-13,1140.0,1156.0,1123.0,1131.0,173000
2021-05-14,1159.0,1183.0,1125.0,1161.0,552500
2021-05-17,1189.0,1209.0,1157.0,1165.0,260000
2021-05-18,1183.0,1203.0,1180.0,1193.0,132900
2021-05-19,1171.0,1183.0,1155.0,1158.0,142500
2021-05-20,1161.0,1166.0,1145.0,1154.0,122300
2021-05-21,1153.0,1166.0,1147.0,1156.0,109800
2021-05-24,1164.0,1182.0,1156.0,1179.0,133100
2021-05-25,1176.0,1178.0,1145.0,1146.0,223700
2021-05-26,1140.0,1140.0,1106.0,1112.0,210200
2021-05-27,1113.0,1119.0,1078.0,1082.0,340700
2021-05-28,1100.0,1106.0,1089.0,1104.0,175500
2021-05-31,1102.0,1102.0,1076.0,1088.0,202100
2021-06-01,1090.0,1113.0,1075.0,1086.0,180400
2021-06-02,1079.0,1096.0,1070.0,1071.0,161900
2021-06-03,1071.0,1075.0,1060.0,1066.0,290700
2021-06-04,1066.0,1075.0,1062.0,1066.0,121000
2021-06-07,1066.0,1069.0,1052.0,1064.0,168800
2021-06-08,1065.0,1078.0,1061.0,1073.0,110400
2021-06-09,1080.0,1098.0,1076.0,1090.0,143300
2021-06-10,1091.0,1108.0,1091.0,1100.0,179000
2021-06-11,1108.0,1117.0,1087.0,1090.0,151900
2021-06-14,1085.0,1086.0,1073.0,1078.0,155600
2021-06-15,1071.0,1074.0,1059.0,1066.0,170300
2021-06-16,1050.0,1051.0,1006.0,1011.0,904600
2021-06-17,1009.0,1009.0,965.0,971.0,983100
